forename,surname,email,link
Ellie,Anstis,14ecanstis@uckfield.college,localhost:5000/asdfghjklqwertyuiopzxcvbnm/register/5faa7463553c5930973673a5
Marisa,Alyoshin,malyoshin0@bigcartel.com,localhost:5000/asdfghjklqwertyuiopzxcvbnm/register/5fb3afe9426d92fb9fe88b15
Wyndham,Pelham,wpelham1@prlog.org,localhost:5000/asdfghjklqwertyuiopzxcvbnm/register/5fb3afe9426d92fb9fe88b16
Gunar,Aikman,gaikman2@deliciousdays.com,localhost:5000/asdfghjklqwertyuiopzxcvbnm/register/5fb3afe9426d92fb9fe88b17
Liva,Scullion,lscullion3@springer.com,localhost:5000/asdfghjklqwertyuiopzxcvbnm/register/5fb3afe9426d92fb9fe88b18
Emlynn,Gilardoni,egilardoni4@mapy.cz,localhost:5000/asdfghjklqwertyuiopzxcvbnm/register/5fb3afe9426d92fb9fe88b19
Tamra,Powton,tpowton5@mashable.com,localhost:5000/asdfghjklqwertyuiopzxcvbnm/register/5fb3afe9426d92fb9fe88b1a
Analiese,Henrych,ahenrych6@mozilla.org,localhost:5000/asdfghjklqwertyuiopzxcvbnm/register/5fb3afe9426d92fb9fe88b1b
Thomasin,Ivanovic,tivanovic7@howstuffworks.com,localhost:5000/asdfghjklqwertyuiopzxcvbnm/register/5fb3afe9426d92fb9fe88b1c
Francklin,Zettler,fzettler8@washingtonpost.com,localhost:5000/asdfghjklqwertyuiopzxcvbnm/register/5fb3afe9426d92fb9fe88b1d
Adelbert,Kench,akench9@fda.gov,localhost:5000/asdfghjklqwertyuiopzxcvbnm/register/5fb3afe9426d92fb9fe88b1e
Etta,McGuff,emcguffa@cargocollective.com,localhost:5000/asdfghjklqwertyuiopzxcvbnm/register/5fb3afe9426d92fb9fe88b1f
Stafani,Calken,scalkenb@goodreads.com,localhost:5000/asdfghjklqwertyuiopzxcvbnm/register/5fb3afe9426d92fb9fe88b20
Caesar,Fetherston,cfetherstonc@meetup.com,localhost:5000/asdfghjklqwertyuiopzxcvbnm/register/5fb3afe9426d92fb9fe88b21
Joella,Bundy,jbundyd@list-manage.com,localhost:5000/asdfghjklqwertyuiopzxcvbnm/register/5fb3afe9426d92fb9fe88b22
Margarita,Goggin,mgoggine@cdc.gov,localhost:5000/asdfghjklqwertyuiopzxcvbnm/register/5fb3afe9426d92fb9fe88b23
Courtnay,Fanti,cfantif@icq.com,localhost:5000/asdfghjklqwertyuiopzxcvbnm/register/5fb3afe9426d92fb9fe88b24
Jessamyn,O'Daly,jodalyg@usgs.gov,localhost:5000/asdfghjklqwertyuiopzxcvbnm/register/5fb3afe9426d92fb9fe88b25
Bea,Butterley,bbutterleyh@addthis.com,localhost:5000/asdfghjklqwertyuiopzxcvbnm/register/5fb3afe9426d92fb9fe88b26
Shannon,Klimaszewski,sklimaszewskii@people.com.cn,localhost:5000/asdfghjklqwertyuiopzxcvbnm/register/5fb3afe9426d92fb9fe88b27
Townsend,Bugler,tbuglerj@utexas.edu,localhost:5000/asdfghjklqwertyuiopzxcvbnm/register/5fb3afe9426d92fb9fe88b28
Jobi,Trollope,jtrollopek@google.cn,localhost:5000/asdfghjklqwertyuiopzxcvbnm/register/5fb3afe9426d92fb9fe88b29
Hannah,Scripps,hscrippsl@bizjournals.com,localhost:5000/asdfghjklqwertyuiopzxcvbnm/register/5fb3afe9426d92fb9fe88b2a
Lindi,Midner,lmidnerm@newyorker.com,localhost:5000/asdfghjklqwertyuiopzxcvbnm/register/5fb3afe9426d92fb9fe88b2b
Cherise,Worrall,cworralln@theatlantic.com,localhost:5000/asdfghjklqwertyuiopzxcvbnm/register/5fb3afe9426d92fb9fe88b2c
Cam,Houston,choustono@jugem.jp,localhost:5000/asdfghjklqwertyuiopzxcvbnm/register/5fb3afe9426d92fb9fe88b2d
Odelia,Castellet,ocastelletp@unicef.org,localhost:5000/asdfghjklqwertyuiopzxcvbnm/register/5fb3afe9426d92fb9fe88b2e
Jennine,Lapenna,jlapennaq@upenn.edu,localhost:5000/asdfghjklqwertyuiopzxcvbnm/register/5fb3afe9426d92fb9fe88b2f
Robby,Woodfine,rwoodfiner@com.com,localhost:5000/asdfghjklqwertyuiopzxcvbnm/register/5fb3afe9426d92fb9fe88b30
Sarena,Raft,srafts@infoseek.co.jp,localhost:5000/asdfghjklqwertyuiopzxcvbnm/register/5fb3afe9426d92fb9fe88b31
Uri,Salter,usaltert@japanpost.jp,localhost:5000/asdfghjklqwertyuiopzxcvbnm/register/5fb3afe9426d92fb9fe88b32
Farr,Setterington,fsetteringtonu@drupal.org,localhost:5000/asdfghjklqwertyuiopzxcvbnm/register/5fb3afe9426d92fb9fe88b33
Lek,Goulter,lgoulterv@ning.com,localhost:5000/asdfghjklqwertyuiopzxcvbnm/register/5fb3afe9426d92fb9fe88b34
Orsa,Goldsberry,ogoldsberryw@photobucket.com,localhost:5000/asdfghjklqwertyuiopzxcvbnm/register/5fb3afe9426d92fb9fe88b35
Cleon,Geeve,cgeevex@prweb.com,localhost:5000/asdfghjklqwertyuiopzxcvbnm/register/5fb3afe9426d92fb9fe88b36
Huntlee,Tibbotts,htibbottsy@geocities.jp,localhost:5000/asdfghjklqwertyuiopzxcvbnm/register/5fb3afe9426d92fb9fe88b37
Pietro,Cadalleder,pcadallederz@rambler.ru,localhost:5000/asdfghjklqwertyuiopzxcvbnm/register/5fb3afe9426d92fb9fe88b38
Carolina,Nattrass,cnattrass10@yahoo.co.jp,localhost:5000/asdfghjklqwertyuiopzxcvbnm/register/5fb3afe9426d92fb9fe88b39
Llywellyn,Lucks,llucks11@multiply.com,localhost:5000/asdfghjklqwertyuiopzxcvbnm/register/5fb3afe9426d92fb9fe88b3a
Stacey,Brandel,sbrandel12@cloudflare.com,localhost:5000/asdfghjklqwertyuiopzxcvbnm/register/5fb3afe9426d92fb9fe88b3b
Janeta,Dempsey,jdempsey13@zdnet.com,localhost:5000/asdfghjklqwertyuiopzxcvbnm/register/5fb3afe9426d92fb9fe88b3c
Sampson,Parradye,sparradye14@uiuc.edu,localhost:5000/asdfghjklqwertyuiopzxcvbnm/register/5fb3afe9426d92fb9fe88b3d
Nicholas,Ghion,nghion15@google.fr,localhost:5000/asdfghjklqwertyuiopzxcvbnm/register/5fb3afe9426d92fb9fe88b3e
Quintus,Esbrook,qesbrook16@hibu.com,localhost:5000/asdfghjklqwertyuiopzxcvbnm/register/5fb3afe9426d92fb9fe88b3f
Cal,Begent,cbegent17@dailymail.co.uk,localhost:5000/asdfghjklqwertyuiopzxcvbnm/register/5fb3afe9426d92fb9fe88b40
Evan,Tellenbrok,etellenbrok18@cbc.ca,localhost:5000/asdfghjklqwertyuiopzxcvbnm/register/5fb3afe9426d92fb9fe88b41
Jocelin,Cauldfield,jcauldfield19@barnesandnoble.com,localhost:5000/asdfghjklqwertyuiopzxcvbnm/register/5fb3afe9426d92fb9fe88b42
Cyndie,Hinckesman,chinckesman1a@cnn.com,localhost:5000/asdfghjklqwertyuiopzxcvbnm/register/5fb3afe9426d92fb9fe88b43
Darwin,McTavish,dmctavish1b@privacy.gov.au,localhost:5000/asdfghjklqwertyuiopzxcvbnm/register/5fb3afe9426d92fb9fe88b44
Athene,Halleybone,ahalleybone1c@barnesandnoble.com,localhost:5000/asdfghjklqwertyuiopzxcvbnm/register/5fb3afe9426d92fb9fe88b45
Samuel,Barrus,sbarrus1d@sina.com.cn,localhost:5000/asdfghjklqwertyuiopzxcvbnm/register/5fb3afe9426d92fb9fe88b46
Marisa,Alyoshin,malyoshin0@bigcartel.com,localhost:5000/asdfghjklqwertyuiopzxcvbnm/register/5fb3b09423e5ade98403ce81
