schoolName,forename,surname,email,passwordHash,dob,address,postcode,gender,phoneNo,medicalNotes
Sukhirin,Marisa,Alyoshin,malyoshin0@bigcartel.com,u8GkQct,28/02/1988,9711 Clyde Gallagher Junction,96190,F,806-838-4226,"Pellentesque ultrices mattis odio. Donec vitae nisi. Nam ultrices, libero non mattis pulvinar, nulla pede ullamcorper augue, a suscipit nulla elit ac nulla. Sed vel enim sit amet nunc viverra dapibus. Nulla suscipit ligula in lacus. Curabitur at ipsum ac tellus semper interdum. Mauris ullamcorper purus sit amet nulla. Quisque arcu libero, rutrum ac, lobortis vel, dapibus at, diam."
Bastan,Wyndham,Pelham,wpelham1@prlog.org,22r757lJbi,24/07/1987,98668 Merrick Trail,658972,M,637-841-0492,"Maecenas tincidunt lacus at velit. Vivamus vel nulla eget eros elementum pellentesque. Quisque porta volutpat erat. Quisque erat eros, viverra eget, congue eget, semper rutrum, nulla. Nunc purus. Phasellus in felis. Donec semper sapien a libero."
Panayagan,Gunar,Aikman,gaikman2@deliciousdays.com,SutpDiJ,30/03/1982,433 Grasskamp Street,,M,997-604-6305,"Fusce posuere felis sed lacus. Morbi sem mauris, laoreet ut, rhoncus aliquet, pulvinar sed, nisl. Nunc rhoncus dui vel sem. Sed sagittis. Nam congue, risus semper porta volutpat, quam pede lobortis ligula, sit amet eleifend pede libero quis orci. Nullam molestie nibh in lectus. Pellentesque at nulla. Suspendisse potenti. Cras in purus eu magna vulputate luctus."
Baing,Liva,Scullion,lscullion3@springer.com,kTQx0cMBS,09/07/1969,15 Victoria Road,,F,103-365-8599,"Morbi a ipsum. Integer a nibh. In quis justo. Maecenas rhoncus aliquam lacus. Morbi quis tortor id nulla ultrices aliquet. Maecenas leo odio, condimentum id, luctus nec, molestie sed, justo. Pellentesque viverra pede ac diam."
Kaishantun,Emlynn,Gilardoni,egilardoni4@mapy.cz,bx2czrf,05/04/1983,115 Huxley Crossing,,F,171-192-4190,Vivamus tortor. Duis mattis egestas metus. Aenean fermentum.
Kaa-Khem,Tamra,Powton,tpowton5@mashable.com,yuPVzvwb,20/07/1992,81 Artisan Lane,667901,F,676-620-8559,In eleifend quam a odio. In hac habitasse platea dictumst.
Ning’an,Analiese,Henrych,ahenrych6@mozilla.org,xagckJwgPlt,05/04/1970,99863 Lillian Place,,F,401-732-4455,Duis aliquam convallis nunc. Proin at turpis a pede posuere nonummy. Integer non velit.
Leipzig,Thomasin,Ivanovic,tivanovic7@howstuffworks.com,IM2YSS1,15/11/1974,8 Burrows Plaza,04288,F,884-819-0117,"Vestibulum rutrum rutrum neque. Aenean auctor gravida sem. Praesent id massa id nisl venenatis lacinia. Aenean sit amet justo. Morbi ut odio. Cras mi pede, malesuada in, imperdiet et, commodo vulputate, justo. In blandit ultrices enim. Lorem ipsum dolor sit amet, consectetuer adipiscing elit. Proin interdum mauris non ligula pellentesque ultrices."
Borovoy,Francklin,Zettler,fzettler8@washingtonpost.com,FifJa2iFPM,16/04/1970,37 Monterey Point,309135,M,805-506-9606,"Duis bibendum, felis sed interdum venenatis, turpis enim blandit mi, in porttitor pede justo eu massa. Donec dapibus. Duis at velit eu est congue elementum. In hac habitasse platea dictumst. Morbi vestibulum, velit id pretium iaculis, diam erat fermentum justo, nec condimentum neque sapien placerat ante. Nulla justo. Aliquam quis turpis eget elit sodales scelerisque. Mauris sit amet eros."
Kalisangkrah Lor,Adelbert,Kench,akench9@fda.gov,Z0PQWlwH,10/01/2002,58 Brickson Park Park,,M,895-826-6067,"Aliquam sit amet diam in magna bibendum imperdiet. Nullam orci pede, venenatis non, sodales sed, tincidunt eu, felis. Fusce posuere felis sed lacus. Morbi sem mauris, laoreet ut, rhoncus aliquet, pulvinar sed, nisl. Nunc rhoncus dui vel sem."
Guadalupe Victoria,Etta,McGuff,emcguffa@cargocollective.com,QkEK0vsHuwq,20/08/1991,483 Straubel Point,75694,F,583-246-8569,"Vestibulum ante ipsum primis in faucibus orci luctus et ultrices posuere cubilia Curae; Nulla dapibus dolor vel est. Donec odio justo, sollicitudin ut, suscipit a, feugiat et, eros. Vestibulum ac est lacinia nisi venenatis tristique. Fusce congue, diam id ornare imperdiet, sapien urna pretium nisl, ut volutpat sapien arcu sed augue."
Shorapani,Stafani,Calken,scalkenb@goodreads.com,rRisNyg,21/10/1983,9 Granby Hill,,F,133-859-0413,"Morbi quis tortor id nulla ultrices aliquet. Maecenas leo odio, condimentum id, luctus nec, molestie sed, justo."
Hongzhou,Caesar,Fetherston,cfetherstonc@meetup.com,1MyV0D3,10/11/1990,2285 Coolidge Avenue,,M,563-492-7551,In hac habitasse platea dictumst.
Thị Trấn Pác Miầu,Joella,Bundy,jbundyd@list-manage.com,DxlWprIES,03/07/1987,7944 Lawn Trail,,F,745-195-1117,"Vestibulum ante ipsum primis in faucibus orci luctus et ultrices posuere cubilia Curae; Nulla dapibus dolor vel est. Donec odio justo, sollicitudin ut, suscipit a, feugiat et, eros."
Chandmanĭ,Margarita,Goggin,mgoggine@cdc.gov,snJWQhyt,24/01/1957,07 Gulseth Court,,F,157-562-1471,Integer tincidunt ante vel ipsum. Praesent blandit lacinia erat. Vestibulum sed magna at nunc commodo placerat.
Otradnyy,Courtnay,Fanti,cfantif@icq.com,EuSWLIvw7cnH,24/11/1960,36 Dovetail Crossing,629320,F,951-423-0760,"Cras pellentesque volutpat dui. Maecenas tristique, est et tempus semper, est quam pharetra magna, ac consequat metus sapien ut nunc. Vestibulum ante ipsum primis in faucibus orci luctus et ultrices posuere cubilia Curae; Mauris viverra diam vitae quam. Suspendisse potenti. Nullam porttitor lacus at turpis. Donec posuere metus vitae ipsum. Aliquam non mauris. Morbi non lectus. Aliquam sit amet diam in magna bibendum imperdiet."
Tres Arroyos,Jessamyn,O'Daly,jodalyg@usgs.gov,V05udM2P3txj,31/07/1975,654 Forest Place,6550,F,191-329-4737,"Donec diam neque, vestibulum eget, vulputate ut, ultrices vel, augue. Vestibulum ante ipsum primis in faucibus orci luctus et ultrices posuere cubilia Curae; Donec pharetra, magna vestibulum aliquet ultrices, erat tortor sollicitudin mi, sit amet lobortis sapien sapien non mi. Integer ac neque. Duis bibendum. Morbi non quam nec dui luctus rutrum. Nulla tellus. In sagittis dui vel nisl."
Kekeran,Bea,Butterley,bbutterleyh@addthis.com,AxOUcFleYfF2,31/08/1983,3 Daystar Junction,,F,262-203-7906,""
Monjarás,Shannon,Klimaszewski,sklimaszewskii@people.com.cn,fdLvscnLFQf,19/03/1996,8897 Surrey Center,,M,864-370-5690,"Vestibulum quam sapien, varius ut, blandit non, interdum in, ante. Vestibulum ante ipsum primis in faucibus orci luctus et ultrices posuere cubilia Curae; Duis faucibus accumsan odio. Curabitur convallis."
Maanĭt,Townsend,Bugler,tbuglerj@utexas.edu,3Aja09No53,29/03/1959,38 Golf Course Junction,,M,382-319-3785,"Aenean auctor gravida sem. Praesent id massa id nisl venenatis lacinia. Aenean sit amet justo. Morbi ut odio. Cras mi pede, malesuada in, imperdiet et, commodo vulputate, justo."
Bonnyville,Jobi,Trollope,jtrollopek@google.cn,uigTcY,31/03/1998,41 Duke Plaza,T9N,F,199-552-6679,"Nullam porttitor lacus at turpis. Donec posuere metus vitae ipsum. Aliquam non mauris. Morbi non lectus. Aliquam sit amet diam in magna bibendum imperdiet. Nullam orci pede, venenatis non, sodales sed, tincidunt eu, felis."
Berezniki,Hannah,Scripps,hscrippsl@bizjournals.com,KvC3tsrxErnt,21/11/1984,15530 Miller Drive,618409,F,921-270-5661,"In eleifend quam a odio. In hac habitasse platea dictumst. Maecenas ut massa quis augue luctus tincidunt. Nulla mollis molestie lorem. Quisque ut erat. Curabitur gravida nisi at nibh. In hac habitasse platea dictumst. Aliquam augue quam, sollicitudin vitae, consectetuer eget, rutrum at, lorem."
Saḩāb,Lindi,Midner,lmidnerm@newyorker.com,WMvLNTjZZl0,30/05/2002,175 Pierstorff Center,,F,248-570-5379,"In sagittis dui vel nisl. Duis ac nibh. Fusce lacus purus, aliquet at, feugiat non, pretium quis, lectus. Suspendisse potenti. In eleifend quam a odio. In hac habitasse platea dictumst. Maecenas ut massa quis augue luctus tincidunt. Nulla mollis molestie lorem."
Chernoyerkovskaya,Cherise,Worrall,cworralln@theatlantic.com,LF9NQVw1Kg9z,31/08/1986,671 Leroy Road,353598,F,250-705-1722,"Vestibulum quam sapien, varius ut, blandit non, interdum in, ante. Vestibulum ante ipsum primis in faucibus orci luctus et ultrices posuere cubilia Curae; Duis faucibus accumsan odio. Curabitur convallis. Duis consequat dui nec nisi volutpat eleifend. Donec ut dolor."
Liuhu,Cam,Houston,choustono@jugem.jp,qq2N4N9uQQk,04/07/2001,9596 Loftsgordon Plaza,,F,259-450-9129,"Donec ut mauris eget massa tempor convallis. Nulla neque libero, convallis eget, eleifend luctus, ultricies eu, nibh. Quisque id justo sit amet sapien dignissim vestibulum. Vestibulum ante ipsum primis in faucibus orci luctus et ultrices posuere cubilia Curae; Nulla dapibus dolor vel est. Donec odio justo, sollicitudin ut, suscipit a, feugiat et, eros. Vestibulum ac est lacinia nisi venenatis tristique. Fusce congue, diam id ornare imperdiet, sapien urna pretium nisl, ut volutpat sapien arcu sed augue."
Tianzhou,Odelia,Castellet,ocastelletp@unicef.org,GLH5L0hJgFr,08/05/1984,40402 Carberry Junction,,F,820-294-3992,"Morbi porttitor lorem id ligula. Suspendisse ornare consequat lectus. In est risus, auctor sed, tristique in, tempus sit amet, sem. Fusce consequat. Nulla nisl. Nunc nisl. Duis bibendum, felis sed interdum venenatis, turpis enim blandit mi, in porttitor pede justo eu massa. Donec dapibus."
Liuge,Jennine,Lapenna,jlapennaq@upenn.edu,qbWpfQpxwkE,15/08/1984,982 Anniversary Center,,F,206-667-7106,""
Koímisi,Robby,Woodfine,rwoodfiner@com.com,IQZXAu,17/05/1968,378 Swallow Trail,,M,386-292-5573,"Duis bibendum. Morbi non quam nec dui luctus rutrum. Nulla tellus. In sagittis dui vel nisl. Duis ac nibh. Fusce lacus purus, aliquet at, feugiat non, pretium quis, lectus. Suspendisse potenti. In eleifend quam a odio. In hac habitasse platea dictumst."
Sarajevo,Sarena,Raft,srafts@infoseek.co.jp,FjBLNJCwf,03/01/1988,5 Farmco Point,,F,526-141-8458,""
Semey,Uri,Salter,usaltert@japanpost.jp,8WQmXQ,25/06/1977,1 Muir Center,,M,534-662-6498,"Morbi sem mauris, laoreet ut, rhoncus aliquet, pulvinar sed, nisl. Nunc rhoncus dui vel sem. Sed sagittis. Nam congue, risus semper porta volutpat, quam pede lobortis ligula, sit amet eleifend pede libero quis orci. Nullam molestie nibh in lectus. Pellentesque at nulla. Suspendisse potenti. Cras in purus eu magna vulputate luctus. Cum sociis natoque penatibus et magnis dis parturient montes, nascetur ridiculus mus. Vivamus vestibulum sagittis sapien."
Lidian,Farr,Setterington,fsetteringtonu@drupal.org,TQNbHG5jW,06/11/1975,4317 Waubesa Drive,,M,314-167-3859,Phasellus sit amet erat. Nulla tempus.
Tonggoh,Lek,Goulter,lgoulterv@ning.com,l8d7xf0,29/05/1983,447 Victoria Plaza,,M,146-699-6358,"Nullam molestie nibh in lectus. Pellentesque at nulla. Suspendisse potenti. Cras in purus eu magna vulputate luctus. Cum sociis natoque penatibus et magnis dis parturient montes, nascetur ridiculus mus. Vivamus vestibulum sagittis sapien."
Balaka,Orsa,Goldsberry,ogoldsberryw@photobucket.com,TPG8BFDe,06/02/1963,56 Autumn Leaf Point,,F,278-531-9876,"Suspendisse potenti. Cras in purus eu magna vulputate luctus. Cum sociis natoque penatibus et magnis dis parturient montes, nascetur ridiculus mus. Vivamus vestibulum sagittis sapien. Cum sociis natoque penatibus et magnis dis parturient montes, nascetur ridiculus mus. Etiam vel augue."
Xam Nua,Cleon,Geeve,cgeevex@prweb.com,y2L9fEa3cUX,09/02/1991,912 Sutherland Point,,M,211-493-7693,Curabitur convallis. Duis consequat dui nec nisi volutpat eleifend.
Trostyanets’,Huntlee,Tibbotts,htibbottsy@geocities.jp,P8vsx82FwXI0,06/12/1968,77 Nelson Trail,,M,975-368-9881,Etiam pretium iaculis justo. In hac habitasse platea dictumst. Etiam faucibus cursus urna. Ut tellus. Nulla ut erat id mauris vulputate elementum. Nullam varius. Nulla facilisi. Cras non velit nec nisi vulputate nonummy. Maecenas tincidunt lacus at velit.
Terpinnya,Pietro,Cadalleder,pcadallederz@rambler.ru,I9SYzL,19/02/1964,69 Farwell Center,,M,861-969-9449,"Integer ac leo. Pellentesque ultrices mattis odio. Donec vitae nisi. Nam ultrices, libero non mattis pulvinar, nulla pede ullamcorper augue, a suscipit nulla elit ac nulla. Sed vel enim sit amet nunc viverra dapibus. Nulla suscipit ligula in lacus. Curabitur at ipsum ac tellus semper interdum."
Puntarenas,Carolina,Nattrass,cnattrass10@yahoo.co.jp,K2tQLu09FG4,04/11/1984,17 Pankratz Center,60101,F,608-385-4249,"Cras mi pede, malesuada in, imperdiet et, commodo vulputate, justo. In blandit ultrices enim. Lorem ipsum dolor sit amet, consectetuer adipiscing elit."
Tonosí,Llywellyn,Lucks,llucks11@multiply.com,utZsCYZa5wL,14/09/1959,915 Eagle Crest Way,,M,906-888-7281,"Curabitur in libero ut massa volutpat convallis. Morbi odio odio, elementum eu, interdum eu, tincidunt in, leo. Maecenas pulvinar lobortis est. Phasellus sit amet erat. Nulla tempus. Vivamus in felis eu sapien cursus vestibulum."
Menampukrajan,Stacey,Brandel,sbrandel12@cloudflare.com,OBjhSHYyswN,28/03/1994,231 Bowman Drive,,F,725-556-0109,"Nulla neque libero, convallis eget, eleifend luctus, ultricies eu, nibh. Quisque id justo sit amet sapien dignissim vestibulum. Vestibulum ante ipsum primis in faucibus orci luctus et ultrices posuere cubilia Curae; Nulla dapibus dolor vel est. Donec odio justo, sollicitudin ut, suscipit a, feugiat et, eros. Vestibulum ac est lacinia nisi venenatis tristique. Fusce congue, diam id ornare imperdiet, sapien urna pretium nisl, ut volutpat sapien arcu sed augue. Aliquam erat volutpat. In congue. Etiam justo. Etiam pretium iaculis justo."
Kuanghe,Janeta,Dempsey,jdempsey13@zdnet.com,oitybQdBquBJ,04/03/1992,3484 Pond Trail,,F,829-412-1790,"Curabitur gravida nisi at nibh. In hac habitasse platea dictumst. Aliquam augue quam, sollicitudin vitae, consectetuer eget, rutrum at, lorem. Integer tincidunt ante vel ipsum. Praesent blandit lacinia erat. Vestibulum sed magna at nunc commodo placerat. Praesent blandit."
Altıağac,Sampson,Parradye,sparradye14@uiuc.edu,RvhddBPbsTL,22/08/1981,722 Pearson Alley,,M,609-409-3107,"Proin interdum mauris non ligula pellentesque ultrices. Phasellus id sapien in sapien iaculis congue. Vivamus metus arcu, adipiscing molestie, hendrerit at, vulputate vitae, nisl. Aenean lectus. Pellentesque eget nunc. Donec quis orci eget orci vehicula condimentum. Curabitur in libero ut massa volutpat convallis. Morbi odio odio, elementum eu, interdum eu, tincidunt in, leo."
Östhammar,Nicholas,Ghion,nghion15@google.fr,K2Cn4BcKDP,26/05/1955,07178 Moulton Plaza,742 91,M,267-290-3719,Etiam faucibus cursus urna. Ut tellus.
Longquan,Quintus,Esbrook,qesbrook16@hibu.com,DLY0o8Mo,07/12/1996,35 Melody Parkway,,M,347-605-9817,""
Praia de Mira,Cal,Begent,cbegent17@dailymail.co.uk,DdNJBrlTggc6,12/07/1977,6054 Lerdahl Point,3070-725,F,985-430-7626,"Donec ut dolor. Morbi vel lectus in quam fringilla rhoncus. Mauris enim leo, rhoncus sed, vestibulum sit amet, cursus id, turpis. Integer aliquet, massa id lobortis convallis, tortor risus dapibus augue, vel accumsan tellus nisi eu orci. Mauris lacinia sapien quis libero. Nullam sit amet turpis elementum ligula vehicula consequat. Morbi a ipsum. Integer a nibh. In quis justo."
San Luis,Evan,Tellenbrok,etellenbrok18@cbc.ca,Rk3z2ZbZI1m5,15/03/1972,9285 Marquette Parkway,8511,M,336-742-6839,"Aliquam augue quam, sollicitudin vitae, consectetuer eget, rutrum at, lorem. Integer tincidunt ante vel ipsum. Praesent blandit lacinia erat. Vestibulum sed magna at nunc commodo placerat. Praesent blandit. Nam nulla. Integer pede justo, lacinia eget, tincidunt eget, tempus vel, pede. Morbi porttitor lorem id ligula. Suspendisse ornare consequat lectus."
Mont-Dore,Jocelin,Cauldfield,jcauldfield19@barnesandnoble.com,VI7ZnR,24/04/1990,62 Artisan Trail,98810,F,895-559-5084,"Vestibulum ante ipsum primis in faucibus orci luctus et ultrices posuere cubilia Curae; Donec pharetra, magna vestibulum aliquet ultrices, erat tortor sollicitudin mi, sit amet lobortis sapien sapien non mi. Integer ac neque."
Neochóri,Cyndie,Hinckesman,chinckesman1a@cnn.com,ECfDIdM2s06O,13/11/1961,3026 Sunfield Park,,F,519-668-3182,""
Chelgard,Darwin,McTavish,dmctavish1b@privacy.gov.au,l0DNksCRolhw,08/11/1967,1 Vahlen Parkway,,M,378-410-1386,"In blandit ultrices enim. Lorem ipsum dolor sit amet, consectetuer adipiscing elit. Proin interdum mauris non ligula pellentesque ultrices. Phasellus id sapien in sapien iaculis congue. Vivamus metus arcu, adipiscing molestie, hendrerit at, vulputate vitae, nisl. Aenean lectus. Pellentesque eget nunc. Donec quis orci eget orci vehicula condimentum. Curabitur in libero ut massa volutpat convallis. Morbi odio odio, elementum eu, interdum eu, tincidunt in, leo."
Cegłów,Athene,Halleybone,ahalleybone1c@barnesandnoble.com,oblTJRAN7,28/06/1965,1 Northfield Street,05-319,F,497-564-6330,""
Xilin,Samuel,Barrus,sbarrus1d@sina.com.cn,HdF5xgreg,03/09/1993,034 Corscot Alley,,M,944-867-2465,"In est risus, auctor sed, tristique in, tempus sit amet, sem. Fusce consequat. Nulla nisl. Nunc nisl. Duis bibendum, felis sed interdum venenatis, turpis enim blandit mi, in porttitor pede justo eu massa. Donec dapibus. Duis at velit eu est congue elementum. In hac habitasse platea dictumst."
